Words,Frequency
Ye,1
Wali,1
Maggi,1
Taste,1
Kari,1
Hai,3
If,1
Yes,1
Then,1
Share,1
Your,2
Reviews#dilsefoodie,1
Dwarka,1
Ke,1
Famous,2
Chur,4
NaanAapne,1
Khaye,2
Yaha,1
Kabhi,2
Raju,1
Naan,1
#dilsefoodie,6
Happy,2
Spicy,3
Tawa,1
At,3
Rajouri,1
gardenHave,1
You,4
Been,1
To,3
This,3
Place,4
100years,1
Old,1
Fruit,1
Chaat,1
WalaIt's,1
In,4
Mayapuri,2
Industrial,1
Area,1
Just,1
Outside,1
Of,2
Khalsa,1
Restaurant,1
Have,2
Wait,1
Minimum,1
30mins,1
For,3
Turn,1
#healthy,1
#fruitsalad,1
Chicken,4
Salami,1
Salad,2
Sandy,2
Egg,2
Near,1
Rana,1
Pratap,1
BaghAmazing,1
Food,2
Stall,1
Best,2
Nehru,2
Rice,1
And,2
Chinese,2
PlatterSnack,1
Junction,1
Place#dilsefoodie,1
Wale,1
Chole,2
KulcheYaha,1
Laal,1
Maas,1
Recipe,4
By,1
chefmahendrarajAmazing,1
ğŸ˜¬#dilsefoodie,1
Use,2
Leftover,1
Curry,3
Turned,1
Into,1
Mix,1
Sauce,2
PastaAmazing,1
mix,2
sauce,5
chicken,1
pasta,1
PubG,2
Khelna,1
Sikhe,1
Sirf,1
330minute,1
MaiAre,1
On,1
My,1
PUBG,1
I'd,1
Dilsefoodie,1
Stir,1
Fry,2
Vegetables,2
in,12
a,32
sweet,1
and,40
spicy,1
peanut,2
sauceStir,1
Sweet,1
Peanut,2
SauceIn,1
the,39
kitchen,2
with,12
ketoliciousmeals,1
I,1
cup,10
unsweetened,1
butter,1
3,6
tablespoon,3
soy,1
red,2
Thai,1
curry,2
paste,3
2,9
apple,1
cider,1
vinegar,1
Stevia,1
to,25
taste,2
about,2
micro,1
spoons,1
Chilli,1
tbsp,8
or,13
water,3
Blend,1
all,5
of,10
above,1
together,1
Add,8
achieve,1
your,7
desired,1
consistency,1
*You,1
can,3
make,4
stir,3
fry,3
thick,1
thin,1
it,10
out,2
be,2
more,1
like,3
soup,1
Total,1
cups,1
Veggies,1
choice,1
Broccoli,1
for,20
Veg,2
protein,1
chicken/,1
prawns,2
1,5
Spring,2
onion,2
white,3
portion,2
1/2,3
green,2
Minced,1
Garlic,2
Grated,1
ginger,2
Toasted,1
sesame,6
seeds,6
tbspOlive,1
oil,2
How,1
Heat,1
Olive,1
Oil,1
wok,1
frying,1
pan,2
garlic,1
sautÃ©,5
30,3
seconds,2
part,3
spring,2
onions,2
couple,1
minutes,2
*If,2
using,6
add,5
at,8
this,7
point,2
till,5
half,2
done,2
vegetables,1
34,1
then,2
after,1
wing,1
veggies,1
SautÃ©,2
on,7
medium,1
flame,1
810,1
mins,1
toasted,1
further,1
minute,1
youâ€™re,1
ready,1
eat,4
),1
mood,1
authentic,2
Mughlai,1
Hyderabadi,1
Biryani,1
some,4
yumm,1
Rogan,1
Josh,1
biryanigiri,1
got,2
you,7
covered,1
Bring,1
only,1
best,3
most,1
eclectic,1
culinary,1
experience,1
plate,1
fresh,1
ingredients,3
ensuring,1
each,1
dish,1
remains,1
true,2
its,1
regional,2
origins,1
Call,1
9868410287,1
order,1
delivering,1
across,1
selected,1
locations,1
Delhi,1
Noida,1
Ghaziabad,1
Takeaway,1
available,1
as,4
well,4
Junk,1
Day,1
ğŸ”ğŸŸğŸ•ğŸŒ­ğŸ¥“ğŸ«ğŸ§ğŸ­ğŸ¿ğŸªğŸ©,1
Weâ€™ve,1
cause,1
midweek,1
celebration,1
solely,1
devoted,1
pigging,1
our,3
favourite,1
junk,1
food,2
without,1
any,1
guilt,1
A,1
big,2
juicy,2
burger,1
extra,1
cheese,3
french,1
fries,1
milkshake,1
tell,1
us,4
what,3
are,6
guys,1
indulging,1
today,2
Picture,1
credits,1
claudiaficca,1
ğŸ‘ğŸ¼ğŸ‘ğŸ¼ğŸ‘ğŸ¼,1
With,2
global,1
pandemic,1
affecting,1
millions,1
worsthit,1
who,2
canâ€™t,1
even,1
feed,1
themselves,1
need,3
help,2
Robin,1
Hood,1
Army,1
rha_india,1
has,2
stepped,1
forward,1
citizens,1
through,1
Mission,1
Million,1
Join,1
do,1
buy,1
ration,1
from,9
Grofers/Amazon,1
Pantry,1
get,3
directly,1
delivered,1
mentioned,1
address,1
21/3A,1
BSNL,1
Quarters,1
Kalibari,1
Marg,1
Connaught,1
New,1
Delhi110001Contact,1
Rahul,1
Kaushal,1
(91,1
9990640011),1
Due,1
popular,1
demand,1
below,1
is,8
recipe,4
Iconic,1
Peri,2
Foxnuts,1
by,5
pradhyumm,1
Toss,1
roast,1
foxnutsSprinkle,1
peri,2
generouslyAdd,1
liquid,2
nitrogen(please,1
careful,1
handle,1
it),1
shake,1
so,1
that,1
foxnut,1
absorbs,1
nitrogen,1
gold,1
dust,1
good,2
vibesğŸ˜Serve,1
chilled,1
fast,1
enjoyed,1
motherinlaw,1
cooking,1
pastes,1
numerous,1
applications,1
eattulua,1
range,2
readytocook,1
bases,1
inspired,1
recipes,2
around,1
IndiaEach,1
versatile,1
made,3
highquality,1
no,1
additives,1
ageold,1
Indian,1
newage,1
approachThe,1
current,1
product,1
includes,1
Ghee,1
Roast,1
Vindaloo,1
Butter,1
Masala,1
Head,1
their,1
page,1
now,3
yours,1
HAPPY,1
ICE,1
CREAM,1
DAY,1
ğŸ¦ğŸ˜Today,1
tanishaphanbuh,1
very,1
unique,1
ice,6
cream,8
BLACK,1
SESAME,1
SEED,1
ICECREAM,1
strikingly,1
stunning,1
hue,1
icecream,1
boasts,1
an,2
intense,1
satisfying,1
creaminess,1
lovely,1
earthiness,1
black,1
Hereâ€™s,2
how,1
goesIn,1
tribalgourmetServes,1
41/2,1
Black,1
seeds200,1
ml,1
Condensed,2
milk1,1
Creamâ€¢,1
Toast,1
low,1
heat,2
Take,1
ot,1
off,1
soon,1
begin,1
popâ€¢,1
blender/grinder/mortarpestle,1
grind,1
fine,1
powderâ€¢,1
milk,1
blend,1
incorporatedâ€¢,1
separate,1
bowl,2
whip,1
whisk,1
forms,1
soft,1
peaksâ€¢,1
Fold,1
into,1
mixtureâ€¢,1
Transfer,1
container,1
freeze,1
least,1
6,1
hours,1
Decadent,1
rich,1
cakes,1
ranging,1
blueberry,1
cake,3
coffee,1
cabana,1
itâ€™s,1
dreams,1
zoetdessert,3
making,1
come,1
10,1
lucky,1
people,1
hands,1
fabulous,1
hamper,1
everything,1
know,1
win,1
Tell,1
goes,1
first,1
Tag,4
lover,2
Follow,3
foodtalkindia,1
PS,1
Contest,1
closes,1
18th,1
July,1
Saturday,1
4,2
PM,1
We,3
really,1
enjoying,1
chicagopizzaofficial,1
perfect,1
DIY,1
pizza,4
kit,1
having,1
fun,1
crafting,1
these,2
sumptuous,1
pizzas,1
homePriced,1
INR,2
799,1
kits,3
&,1
1099,1
5,1
comes,1
super,1
easy,1
follow,2
instructions,1
customisable,1
premium,1
definitely,1
stealAll,1
packed,1
utmost,1
care,1
hygiene,1
protocols,1
Order,1
online,1
kitchicagopizzain,1
Whatsapp/Call,1
8802473828,1
Chill,1
Noodles,1
â¤ï¸â¤ï¸Follow,1
street_food_chandigarhAnd,3
use,4
#streetfoodchandigarh#desi,2
#indian,2
#table,2
#popxo,2
#delhifoodwalks,2
#desifood,5
#delhigram,2
#indianfood,6
#indianstreetfood,4
#delhifoodblog,3
#punjabifood,2
#streetfood,5
#golgappa,2
#indianthali,2
#puchka,2
#snacks,2
#chutney,2
#tasteofindia,2
#spicyfood,2
#panipuri,2
#mumbai,2
#mumbaistreetfood,5
#northindian,2
#roadside,2
#indiansnacks,2
#delhistreetfood,4
#golgappe,2
desi,1
ğŸ˜‹Follow,2
Soya,1
lollipop,1
â¤ï¸ğŸ“Wah,1
ji,1
Wah,1
Sector34#delhigram,1
#paneerrecipes,1
#maggi,1
#homemadefood,1
#gharkakhana,1
#gulabjamun,1
#mumbaifoodie,3
#mumbaifoodblogger,3
#desikhana,3
#mumbaifoodlovers,1
#mumbaifoodicious,1
#mumbaieats,1
#foodindia,2
#mumbaifood,3
#indianfoodblogger,1
#delhifoodblogger,2
#delhifoodie,3
#foodiesofindia,1
#foodtalkmumbai,1
#northindianfood,1
#streetfoodindia,2
#delhidiaries,2
#mumbaidairies,1
#dillifoodies,1
Mausam,1
Ki,1
Demand,1
ğŸ˜›Follow,1
street_food_chandigarhstreet_food_chandigarhstreet_food_chandigarh,2
Keep,3
#streetfoodchandigarh#desifood,1
#delhifoodblogger#thegreatindianfoodie,1
#ganubapu#foodieslove,1
#foodblogging,1
#foodblogger#foodphotography,1
#foodgram,2
#jaipurblogger,1
#jaipurmag#jaipurcityblog,1
#jaipurfoodblog,1
#mumbaiblogger#delhiblogger,1
#indianblogger,1
#foodlovers#vforveggie,1
#aadiivaasii,1
#doodlingfoodie,1
#dosaboy#delhivegblogger,1
Easy,1
instant,1
jalebi,2
homemade,3
crispy,1
recipeğŸ˜‹INGREDIENTSFOR,1
JALEBI,1
BATTER,1
purpose,1
flour,1
/,4
maida,2
tsp,4
baking,2
powder1/4,1
yogurt,1
curd5,1
requiredâ…›,1
yellow,1
colour,1
optionalFOR,1
SUGAR,1
SYRUPÂ¼,1
water1,1
sugarÂ¼,1
saffron,1
strands,1
kesar,1
optionalÂ¼,1
cardamom,1
powder,2
elachi,1
powderOTHER,1
INGREDIENTS1,1
gheeoil,1
deep,1
fryingINSTRUCTIONSin,1
mixing,1
curdthen,1
watermix,1
round,2
circular,1
directions,1
minutesnow,1
give,1
gentle,1
mixnow,1
pour,1
batter,1
tomato,1
ketchup,1
bottles,1
carefullyheat,1
gheesqueeze,1
bottle,1
spirals,1
batterwhen,1
one,1
side,1
partly,1
cooked,1
turn,1
over,1
other,1
sidefry,1
jalebis,3
light,1
goldenthen,1
immediately,1
drop,1
fried,1
warm,2
sugar,1
syrup,1
(1,1
string,1
consistency)finally,1
serve,1
hot,1
room,1
temperatureFollow,1
street_food_chandigarh,8
#streetfoodchandigarh,2
#rasmalai,1
#indiansweets,1
#mithai,1
#dessertheaven,1
#indiandessert,1
#jalebi,1
#desserts,2
#recipes,1
#indianfoodbloggers,2
#recipeoftheday,1
#mumbaidiaries,1
#delhifood,3
#recipevideo,1
be_a_bassi,1
Bhai,1
dekhlo,1
Hum,1
bhi,1
aajkl,1
CHING's,1
khate,1
haiğŸ˜…Chings's,1
Manchurian,2
Flavour#desichineseFollow,1
street_food_chandigarhstreet_food_chandigarh,1
#chandigarhblogger#chandigarhfoodblogger#mohali#pizzaparty#cheese#pizzamania#zingyzest#dilsefoodie#trellingfood#indianfoodie#indianfoodblogger#grubzone#delhifoodwalks#foodtalkindia#sodelhi#fbai#dillifoodies#saadidilli#mumbaifoodies#heydelhi#foodmaniacindia#pizzapizzapizza#crazyfood#instachandigarh#delhifoodguide#nonvegetarian,1
puffğŸ˜Œâ¤ï¸Ek,1
Din,1
mei,1
Max,1
kitni,1
Patties,1
khyi,1
hai,1
aapne,1
comment,1
kro,1
aur,1
bataoğŸ˜‰Follow,1
#things2doinmumbai,1
#foodtalkindia,2
#foodofmumbai,1
#foodandwine,1
#grubzone,1
#trellingmumbai,1
#trellingfood,1
#somumbai,1
#navimumbaifoodie,1
#foodbloggers,1
#vscofood,2
#indiancuisine,1
#vscocam,1
#foodism,1
#food52,2
#foodaddict,1
#fooddiary,1
#yahoofood,1
#foodgawker,1
#buzzfeast,1
bhature,1
ğŸ˜,2
Inki,1
yaad,1
aa,1
hi,1
rahi,1
hogiğŸ˜…ğŸ“,1
Khirki,1
wale,1
Ind,1
area,1
Phase1,1
ChdFollow,1
#streetfoodchandigarh#chole,1
#puri,1
#poori,1
#breakfast,1
#kamlanagar,1
#delhiuniversity,1
#delhi,1
#delhifoodguide,3
#delhifoodbloggers,1
#food,10
#foodporn,2
#foodie,7
#foodphotography,2
#foodgasm,1
#foodstagram,1
#followforfollowback,1
#likeforlikes,1
#likeforfollow,1
The,1
stories,1
burgers,1
messyğŸ’¯ğŸ˜ğŸ”,1
Paneer,1
Jumbo,1
KingğŸ˜‹ğŸ“CastlegrillFollow,1
#streetfoodchandigarh#chandigarhblogger#chandigarhfoodblogger#mohali#pizzaparty#cheese#pizzamania#zingyzest#dilsefoodie#trellingfood#indianfoodie#indianfoodblogger#grubzone#delhifoodwalks#foodtalkindia#sodelhi#fbai#dillifoodies#saadidilli#mumbaifoodies#heydelhi#foodmaniacindia#pizzapizzapizza#crazyfood#instachandigarh#delhifoodguide#nonvegetarian#foodbloggersofinstagra,1
Chowmein,1
Gravy,1
ğŸ˜‹ğŸ¤¤Follow,1
thecravingnomad,1
#sodelhi,1
#picoftheday,1
#instafood,1
#thecravingnomad#indiapictures,1
#storiesofindia,1
#foodmania,1
#foodmaniac,1
#foodmaniacindia,1
#foodphoto,1
#likeforlike,1
#likes4likes,1
#foodoftheday,1
#l4l,1
#lovefood,1
#dailyfoodfeed,1
#yummy,2
#yougottaeatthis#likesforlikes,1
#Foodphoto,1
#yummyfood,1
Simply,1
put,1
friends,1
pvdonuts,1
ğŸ˜·â â â â #wearamask,1
#maskup,1
#pvdonuts,1
#donuts,2
#providence,1
#providenceRI,1
#providencefood,1
#RIfoodies,1
halfbakedharvest,1
Summery,1
Coconut,1
Chickpea,1
which,1
we,3
wanted,1
realized,1
she,1
added,1
fired,1
halloumi,1
truly,1
ASAPâ â â #summer,1
#summerrecipes,1
#halloumi,1
#cheese,1
#curry,1
#coconut,1
#chickpea,1
#halfbakedharvest,1
#yum,6
Favorite,1
Meal,1
Cheese,1
Boards,1
â â boardsbymo,1
â â â â #cheese,1
#cheeseboard,1
#snack,1
#snacking,1
#chacuterie,1
#board,1
#meatandcheese,1
love,2
Wedge,1
beauty,1
justataste,1
What's,1
favorite,1
saladâ â €â â €â â €#justataste,1
#wedgesalad,1
#salad,1
#feedfeed,1
#delish,1
#dressing,1
#wedge,1
Cinnamon,1
Brown,1
Sugar,1
Extra,1
Large,1
Pancakes,1
thejoshelkin,1
ğŸ¥,1
Would,1
theseâ â â â #cinnamon,1
#brownsugar,1
#brownsugarcinnamon,1
#pancakes,1
#extralarge,1
#syrup,1
bostonfoodjournal,1
ate,1
pork,1
buns,1
dumplingdaughter,1
we're,1
dying,1
them,1
ourselves,1
ğŸ¤¤,1
someone,2
needs,1
theseâ â â â #dumplingdaughter,1
#dumplings,1
#dumps,1
#buns,1
#porkbuns,1
#bostonfoodie,1
#bostonfood,2
Why,1
should,1
naan,1
Try,1
see,1
yourself,1
ğŸ˜œ,1
jessicainthekitchenâ â â â #naan,1
#homemade,2
#vegan,1
#cooking,2
#flatbread,1
#fresh,1
#eat,1
want,1
corn,1
risotto,1
repeat,1
summer,1
please,1
cooksillustrated,1
â â â #corn,1
#risotto,1
#summer,1
#summerfood,1
#signsofsummer,1
#cooksillustrated,1
who'd,1
donut,1
sandiwch,1
blackbirddoughnutsâ â â #doughnuts,1
#icecream,1
#icecreamsandwich,1
#blackbird,1
#blackbirddoughnuts,1
#boston,1
What,1
better,1
than,1
CinnaYum,1
Literally,1
nothing,1
link,1
bioâ â €â â €â â €#cinnayum,1
#cinnamon,1
#cinnamonbun,1
#cinnamonroll,1
#baking,1
#recipe,1
Bitesized,1
pancakes,1
along,1
fruits,1
#breakfastinbed,1
#pancakecereal,1
#coldcoffeeFollow,1
foodiesharma_,4
#chandigarhfoodblogger,4
#pancake,1
ğŸ˜‹ğŸ˜,1
Baarish,1
calls,1
garama,1
garam,1
pakode,1
#issarainyday,1
foodiesharma_#chandigarhfoodblogger,5
#pakode,1
Macaroni,1
dinner,1
#macaroni,1
Chhole,1
chawal,2
lunch,1
ğŸ’•ğŸ’¯ğŸ˜»Follow,1
#chholechawal,1
#lunchscenes,2
Coffee,1
cheesecake,1
ğŸ˜ğŸ˜»Follow,1
#coffee,1
#cheesecake,1
Cheesy,1
nachos,1
ğŸ”¥Follow,1
#cheesynachos,1
#nachos,1
Daal,1
jeera,1
alooâ™¥ï¸,1
Street,1
style,1
noodles,1
anyone,1
ğŸ˜»Follow,1
Summer,1
'19,1
#goodolddays,1
ğŸ™ˆğŸ™ŠğŸ™‰,1
#stayhome,1
#staysafeFollow,1
